14324742,Elizabeth,Patrick,erat@velit.net,19842966111
14324743,Bruno,Brooks,Curabitur.ut.odio@quam.edu,18062028142
14324744,Mona,Hansen,commodo.ipsum@pede.edu,15506207293
14324745,Celeste,Cannon,Nulla.dignissim@euismodac.edu,18742473543
14324746,Oliver,Sargent,et@utdolordapibus.org,13854234597
14324747,Howard,Benton,in@luctuset.com,11388706239
14324748,Judah,Hart,sagittis.Duis@pedeNunc.net,13736191994
14324749,Megan,Stanley,sed.dolor.Fusce@auctor.co.uk,16135298356
14324750,Maile,Mcknight,dictum.eu.eleifend@auctor.ca,16088103822
14324751,Mercedes,Snider,laoreet.ipsum.Curabitur@nuncsed.co.uk,14817657288
14324752,Giacomo,Decker,sem.consequat.nec@Donecegestas.net,15979471989
14324753,Veda,Franks,pede@euodio.edu,11258087209
14324754,Naomi,Mooney,auctor@cubilia.com,12604382259
14324755,Axel,Chavez,semper.dui@mi.ca,17326088836
14324756,Zeph,Hinton,Vivamus.non@Inornare.ca,16668173761
14324757,Evangeline,Sanders,eu@mauris.net,15207555142
14324758,Denise,Haney,Sed.nec@cursus.ca,17724056336
14324759,Audrey,Evans,Suspendisse.dui@sapien.com,18729173704
14324760,Dakota,Fields,semper.pretium.neque@sitametmetus.ca,18056340477
14324761,Chava,Sims,accumsan@Vivamussit.co.uk,12766098193
14324762,Shana,Burris,Fusce.fermentum@dolorFusce.co.uk,19895894595
14324763,Megan,King,et@ac.edu,12016579941
14324764,Harriet,Schultz,at.risus.Nunc@tempuseu.org,11066896948
14324765,Carl,Bradshaw,quis.arcu.vel@interdumNuncsollicitudin.co.uk,12622688104
14324766,Riley,Conner,vitae.semper@libero.edu,18299076740
14324767,Troy,Carney,malesuada@idmagna.edu,16003436835
14324768,Clementine,Hill,ac.ipsum@tinciduntdui.com,12245394884
14324769,Wylie,Mccarty,sociis@sedest.org,13356541737
14324770,Illiana,Hardy,Nunc.mauris@fringilla.co.uk,15069298961
14324771,Jeremy,Davenport,sociis.natoque.penatibus@MaurismagnaDuis.org,18833278874
14324772,Preston,Stanton,cursus.luctus.ipsum@massarutrummagna.org,18395967342
14324773,Karleigh,Long,mus.Proin@fringillacursus.net,12828309981
14324774,Bree,Cash,elit@euodio.edu,18635960679
14324775,Murphy,Pickett,sem.semper@sociisnatoquepenatibus.ca,17819723513
14324776,Brynn,Cortez,per.conubia@magna.co.uk,15681706321
14324777,Dahlia,Garrett,in@egetmetusIn.ca,15664711235
14324778,Steel,Weeks,rhoncus@cursusvestibulumMauris.edu,11387272533
14324779,Faith,Albert,aptent.taciti.sociosqu@Integermollis.ca,18555844974
14324780,Beverly,Compton,Lorem.ipsum@nullaInteger.ca,14336238280
14324781,Cade,Mcguire,libero.et.tristique@consectetuermaurisid.com,15652553339
14324782,Jasper,Johnson,porta.elit@a.net,12532102620
14324783,Eugenia,Livingston,ad.litora@temporlorem.com,11946904428
14324784,Beck,Bray,nulla.at@acipsumPhasellus.com,12646447880
14324785,Cruz,Holloway,vehicula.aliquet.libero@sem.com,12118291111
14324786,Liberty,Schmidt,orci@volutpat.org,14752321411
14324787,Amal,Puckett,libero@estvitaesodales.edu,19228617147
14324788,Gisela,Turner,auctor.Mauris.vel@tempordiam.co.uk,18357526922
14324789,Quincy,Slater,lorem.tristique@mauris.net,13632872796
